{
    "command": "list",
    "description": "List local packages.",
    "usage": [
        "list [<options>]"
    ],
    "options": [
        {
            "shorthand":   "-h",
            "flag":        "--help",
            "description": "Show this help message"
        },
        {
            "shorthand":   "-p",
            "flag":        "--paths",
            "description": "Generates a simple JSON source mapping"
        },
        {
            "shorthand":   "-r",
            "flag":        "--relative",
            "description": "Make paths relative to the directory config property, which defaults to bower_components"
        }
    ]
}
